Date,Open,High,Low,Close,Adj Close,Volume
01/02/2019,38.72249985,39.71250153,38.55749893,39.47999954,37.99449158,148158800
01/03/2019,35.99499893,36.43000031,35.5,35.54750061,34.20996475,365248800
01/04/2019,36.13249969,37.13750076,35.95000076,37.06499863,35.67036057,234428400
01/07/2019,37.17499924,37.20750046,36.47499847,36.98249817,35.59096527,219111200
01/08/2019,37.38999939,37.95500183,37.13000107,37.6875,36.2694397,164101200
01/09/2019,37.82249832,38.63249969,37.40750122,38.32749939,36.88536072,180396400
01/10/2019,38.125,38.49250031,37.71500015,38.45000076,37.00325012,143122800
01/11/2019,38.22000122,38.42499924,37.87749863,38.07249832,36.63995743,108092800
01/14/2019,37.71250153,37.81750107,37.30500031,37.5,36.08898544,129756800
01/15/2019,37.56750107,38.34749985,37.51250076,38.26750183,36.82762146,114843600
01/16/2019,38.27000046,38.97000122,38.25,38.73500061,37.27751923,122278800
01/17/2019,38.54999924,39.41500092,38.31499863,38.96500015,37.49887085,119284800
01/18/2019,39.375,39.47000122,38.99499893,39.20500183,37.72984314,135004000
01/22/2019,39.10250092,39.18249893,38.15499878,38.32500076,36.88295364,121576000
01/23/2019,38.53749847,38.78499985,37.92499924,38.47999954,37.03211594,92522400
01/24/2019,38.52750015,38.61999893,37.93500137,38.17499924,36.73859024,101766000
01/25/2019,38.86999893,39.53250122,38.58000183,39.43999863,37.95598984,134142000
01/28/2019,38.94749832,39.08250046,38.41500092,39.07500076,37.60474014,104768400
01/29/2019,39.0625,39.53250122,38.52750015,38.66999817,37.21497345,166348800
01/30/2019,40.8125,41.53749847,40.05749893,41.3125,39.75804138,244439200
01/31/2019,41.52750015,42.25,41.13999939,41.61000061,40.04434204,162958400
02/01/2019,41.74000168,42.24499893,41.48249817,41.63000107,40.06359482,130672400
02/04/2019,41.85250092,42.91500092,41.81999969,42.8125,41.20159531,125982000
02/05/2019,43.21500015,43.77000046,43.08750153,43.54499817,41.9065361,144406400
02/06/2019,43.66249847,43.89250183,43.21250153,43.56000137,41.92097473,112958400
02/07/2019,43.09999847,43.48500061,42.58499908,42.73500061,41.1270256,126966800
02/08/2019,42.24750137,42.66500092,42.10499954,42.60250092,41.17533493,95280000
02/11/2019,42.76250076,42.80250168,42.3125,42.35749817,40.93854904,83973600
02/12/2019,42.52500153,42.75,42.42499924,42.72249985,41.29132462,89134000
02/13/2019,42.84749985,43.11999893,42.47999954,42.54499817,41.11976624,89960800
02/14/2019,42.42750168,42.81499863,42.34500122,42.70000076,41.26957321,87342800
02/15/2019,42.8125,42.92499924,42.4375,42.60499954,41.17775726,98507200
02/19/2019,42.42750168,42.86000061,42.37250137,42.73249817,41.30098724,75891200
02/20/2019,42.79750061,43.33000183,42.74750137,43.00749969,41.56677246,104457600
02/21/2019,42.95000076,43.09249878,42.57500076,42.76499939,41.33239746,68998800
02/22/2019,42.89500046,43.25,42.84500122,43.24250031,41.79389954,75652800
02/25/2019,43.54000092,43.96749878,43.48749924,43.55749893,42.09835815,87493600
02/26/2019,43.42750168,43.82500076,43.29249954,43.58250046,42.12251663,68280800
02/27/2019,43.30250168,43.75,43.18249893,43.71749878,42.25299835,111341600
02/28/2019,43.58000183,43.72750092,43.22999954,43.28749847,41.8373909,112861600
03/01/2019,43.56999969,43.78749847,43.22249985,43.74250031,42.27716064,103544800
03/04/2019,43.92250061,44.4375,43.49250031,43.96250153,42.48977661,109744800
03/05/2019,43.98500061,44,43.63499832,43.88249969,42.41246414,78949600
03/06/2019,43.66749954,43.87250137,43.48500061,43.63000107,42.16842651,83241600
03/07/2019,43.46749878,43.61000061,43.00500107,43.125,41.68034744,99185600
03/08/2019,42.58000183,43.26750183,42.375,43.22750092,41.77941132,95997600
03/11/2019,43.87250137,44.77999878,43.83750153,44.72499847,43.22673416,128044000
03/12/2019,45,45.66749954,44.84249878,45.22750092,43.71240616,129870400
03/13/2019,45.5625,45.82500076,45.22999954,45.42750168,43.9057045,124130000
03/14/2019,45.97499847,46.02500153,45.63999939,45.93249893,44.39378738,94318000
03/15/2019,46.21250153,46.83250046,45.93500137,46.52999878,44.97127151,156171600
03/18/2019,46.45000076,47.09749985,46.44749832,47.00500107,45.4303627,104879200
03/19/2019,47.08750153,47.24750137,46.47999954,46.63249969,45.0703392,126585600
03/20/2019,46.55749893,47.37250137,46.18249893,47.04000092,45.46419525,124140800
03/21/2019,47.50500107,49.08250046,47.45249939,48.77249908,47.1386528,204136800
03/22/2019,48.83499908,49.42250061,47.69499969,47.76250076,46.16248322,169630800
03/25/2019,47.87749863,47.99499893,46.65000153,47.18500137,45.60433197,175381200
03/26/2019,47.91500092,48.22000122,46.14500046,46.69749832,45.13315964,199202000
03/27/2019,47.1875,47.43999863,46.63750076,47.11750031,45.53909302,119393600
03/28/2019,47.23749924,47.38999939,46.88249969,47.18000031,45.59949493,83121600
03/29/2019,47.45750046,47.52000046,47.13499832,47.48749924,45.89670563,94256000
04/01/2019,47.90999985,47.91999817,47.09500122,47.81000137,46.20839691,111448000
04/02/2019,47.77249908,48.61500168,47.76250076,48.50500107,46.88011932,91062800
04/03/2019,48.3125,49.125,48.28749847,48.83750153,47.20146942,93087200
04/04/2019,48.69749832,49.09249878,48.28499985,48.92250061,47.28362656,76457200
04/05/2019,49.11249924,49.27500153,48.98249817,49.25,47.60015488,74106400
04/08/2019,49.10499954,50.05749893,49.08499908,50.02500153,48.34919357,103526800
04/09/2019,50.08000183,50.71250153,49.80749893,49.875,48.204216,143072800
04/10/2019,49.66999817,50.18500137,49.54499817,50.15499878,48.47483826,86781200
04/11/2019,50.21250153,50.25,49.61000061,49.73749924,48.07133484,83603200
04/12/2019,49.79999924,50.03499985,49.05250168,49.71749878,48.05199051,111042800
04/15/2019,49.64500046,49.96250153,49.50249863,49.80749893,48.13897705,70146400
04/16/2019,49.86500168,50.34249878,49.63999939,49.8125,48.14381027,102785600
04/17/2019,49.88499832,50.84500122,49.65250015,50.78250122,49.08131409,115627200
04/18/2019,50.77999878,51.03749847,50.63000107,50.96500015,49.2577095,96783200
04/22/2019,50.70750046,51.23500061,50.58499908,51.13249969,49.41959763,77758000
04/23/2019,51.10749817,51.9375,50.97499847,51.86999893,50.13238907,93292000
04/24/2019,51.84000015,52.11999893,51.76250076,51.79000092,50.05506897,70162400
04/25/2019,51.70750046,51.93999863,51.27999878,51.31999969,49.60081863,74172800
04/26/2019,51.22499847,51.25,50.52999878,51.07500076,49.36401749,74596400
04/29/2019,51.09999847,51.49250031,50.96500015,51.15250015,49.43891907,88818800
04/30/2019,50.76499939,50.84999847,49.77750015,50.16749954,48.48691177,186139600
05/01/2019,52.47000122,53.82749939,52.30749893,52.63000107,50.8669281,259309200
05/02/2019,52.45999908,53.16249847,52.03250122,52.28749847,50.5358963,127985200
05/03/2019,52.72249985,52.95999908,52.55749893,52.9375,51.16411972,83569600
05/06/2019,51.07249832,52.20999908,50.875,52.11999893,50.37401581,129772400
05/07/2019,51.47000122,51.85499954,50.20750046,50.71500015,49.0160675,155054800
05/08/2019,50.47499847,51.33499908,50.4375,50.72499847,49.02574158,105358000
05/09/2019,50.09999847,50.41999817,49.16500092,50.18000031,48.49900436,139634400
05/10/2019,49.35499954,49.71250153,48.19250107,49.29499817,47.82712555,164834800
05/13/2019,46.92750168,47.36999893,45.71250153,46.43000031,45.04743576,229722400
05/14/2019,46.60250092,47.42499924,46.35250092,47.16500092,45.76054382,146118800
05/15/2019,46.56750107,47.9375,46.50500107,47.72999954,46.30872345,106178800
05/16/2019,47.47750092,48.11750031,47.20999908,47.52000046,46.10498047,132125600
05/17/2019,46.73249817,47.72499847,46.68999863,47.25,45.84302521,131516400
05/20/2019,45.88000107,46.08750153,45.06999969,45.77249908,44.40951538,154449200
05/21/2019,46.30500031,47,46.17499924,46.65000153,45.26088715,113459200
05/22/2019,46.16500092,46.42750168,45.63750076,45.69499969,44.33432007,118994400
05/23/2019,44.95000076,45.13499832,44.45249939,44.91500092,43.57754898,146118800
05/24/2019,45.04999924,45.53499985,44.65499878,44.74250031,43.41018295,94858800
05/28/2019,44.72999954,45.14749908,44.47750092,44.55749893,43.23069382,111792800
05/29/2019,44.10499954,44.83750153,44,44.34500122,43.0245285,113924800
05/30/2019,44.48749924,44.80749893,44.16749954,44.57500076,43.24767685,84873600
05/31/2019,44.05749893,44.49750137,43.74750137,43.76750183,42.46422195,108174400
06/03/2019,43.90000153,44.47999954,42.56750107,43.32500076,42.03489304,161584400
06/04/2019,43.86000061,44.95750046,43.63000107,44.90999985,43.57269287,123872000
06/05/2019,46.06999969,46.24750137,45.28499985,45.63499832,44.27610779,119093600
06/06/2019,45.77000046,46.36750031,45.53749847,46.30500031,44.92615128,90105200
06/07/2019,46.62749863,47.97999954,46.44250107,47.53749847,46.12195206,122737600
06/10/2019,47.95249939,48.84249878,47.90499878,48.14500046,46.71136475,104883600
06/11/2019,48.71500015,49,48.40000153,48.70249939,47.2522583,107731600
06/12/2019,48.48749924,48.99250031,48.34749985,48.54750061,47.10187912,73012800
06/13/2019,48.67499924,49.19749832,48.40000153,48.53749847,47.09217834,86698400
06/14/2019,47.88750076,48.39749908,47.57500076,48.18500137,46.75017548,75046000
06/17/2019,48.22499847,48.74000168,48.04249954,48.47249985,47.02910614,58676400
06/18/2019,49.01250076,50.07249832,48.80250168,49.61249924,48.13516617,106204000
06/19/2019,49.91999817,49.97000122,49.32749939,49.46749878,47.99447632,84496800
06/20/2019,50.09249878,50.15250015,49.50749969,49.86500168,48.38014984,86056000
06/21/2019,49.70000076,50.21250153,49.53749847,49.69499969,48.21520996,191202400
06/24/2019,49.63499832,50.04000092,49.54249954,49.64500046,48.16669846,72881600
06/25/2019,49.60749817,49.81499863,48.82249832,48.89250183,47.43661499,84281200
06/26/2019,49.44250107,50.24750137,49.33750153,49.95000076,48.46261597,104270000
06/27/2019,50.07249832,50.39250183,49.89250183,49.93500137,48.4480629,83598800
06/28/2019,49.66999817,49.875,49.26250076,49.47999954,48.00661087,124442400
07/01/2019,50.79249954,51.12250137,50.16249847,50.38750076,48.88709259,109012000
07/02/2019,50.35250092,50.78250122,50.34000015,50.68249893,49.17330551,67740800
07/03/2019,50.81999969,51.11000061,50.67250061,51.10250092,49.5807991,45448000
07/05/2019,50.83750153,51.27000046,50.72499847,51.05749893,49.53713608,69062000
07/08/2019,50.20249939,50.34999847,49.60250092,50.00500107,48.51597977,101354400
07/09/2019,49.79999924,50.37749863,49.70249939,50.31000137,48.81189346,82312000
07/10/2019,50.46250153,50.93249893,50.38999939,50.80749893,49.29458618,71588400
07/11/2019,50.82749939,51.09749985,50.42750168,50.4375,48.93559647,80767200
07/12/2019,50.61249924,51,50.54999924,50.82500076,49.31155777,70380800
07/15/2019,51.02249908,51.46749878,51,51.30250168,49.77484512,67789600
07/16/2019,51.14749908,51.52750015,50.875,51.125,49.60263443,67467200
07/17/2019,51.01250076,51.27249908,50.81750107,50.83750153,49.32369614,56430000
07/18/2019,51,51.47000122,50.92499924,51.41500092,49.88399506,74162400
07/19/2019,51.44749832,51.625,50.59000015,50.64749908,49.13935471,83717200
07/22/2019,50.91249847,51.80749893,50.90250015,51.80500031,50.26238632,89111600
07/23/2019,52.11500168,52.22750092,51.82249832,52.20999908,50.65532303,73420800
07/24/2019,51.91749954,52.28749847,51.79249954,52.16749954,50.61407852,59966400
07/25/2019,52.22249985,52.31000137,51.68249893,51.75500107,50.21387482,55638400
07/26/2019,51.86999893,52.43249893,51.78499985,51.93500137,50.38851166,70475600
07/29/2019,52.11500168,52.65999985,52.11000061,52.41999817,50.85906601,86693600
07/30/2019,52.18999863,52.54000092,51.82749939,52.19499969,50.64076614,135742800
07/31/2019,54.10499954,55.34249878,52.82500076,53.25999832,51.67405319,277125600
08/01/2019,53.47499847,54.50749969,51.68500137,52.10749817,50.55587006,216071600
08/02/2019,51.38249969,51.60749817,50.40750122,51.00500107,49.48620987,163448400
08/05/2019,49.49750137,49.66249847,48.14500046,48.33499908,46.89570618,209572000
08/06/2019,49.07749939,49.51750183,48.50999832,49.25,47.78346634,143299200
08/07/2019,48.85250092,49.88999939,48.45500183,49.75999832,48.27827835,133457600
08/08/2019,50.04999924,50.88249969,49.84749985,50.85749817,49.34309387,108038000
08/09/2019,50.32500076,50.68999863,49.82249832,50.24750137,48.93649292,98478800
08/12/2019,49.90499878,50.51250076,49.78749847,50.11999893,48.81231308,89927600
08/13/2019,50.25500107,53.03499985,50.11999893,52.24250031,50.87943268,188874000
08/14/2019,50.79000092,51.61000061,50.64749908,50.6875,49.36500931,146189600
08/15/2019,50.86500168,51.28499985,49.91749954,50.43500137,49.11910248,108909600
08/16/2019,51.06999969,51.79000092,50.95999908,51.625,50.27804565,110481600
08/19/2019,52.65499878,53.18249893,52.50749969,52.58750153,51.21543884,97654400
08/20/2019,52.72000122,53.33750153,52.58000183,52.59000015,51.21787262,107537200
08/21/2019,53.24750137,53.41249847,52.90000153,53.15999985,51.77299881,86141600
08/22/2019,53.29750061,53.61000061,52.6875,53.11500168,51.72917175,89014800
08/23/2019,52.35749817,53.01250076,50.25,50.65999985,49.33822632,187272000
08/26/2019,51.46500015,51.79750061,51.26499939,51.62250137,50.27561188,104174400
08/27/2019,51.96500015,52.13750076,50.88249969,51.04000092,49.70830154,103493200
08/28/2019,51.02500153,51.43000031,50.83000183,51.38249969,50.04188156,63755200
08/29/2019,52.125,52.33000183,51.66500092,52.25249863,50.88917542,83962000
08/30/2019,52.54000092,52.61249924,51.79999924,52.18500137,50.82344055,84573600
09/03/2019,51.60749817,51.74499893,51.05500031,51.42499924,50.08327103,80092000
09/04/2019,52.09749985,52.36999893,51.83000183,52.29750061,50.93300629,76752400
09/05/2019,53,53.49250031,52.87749863,53.31999969,51.92882156,95654800
09/06/2019,53.51250076,53.60499954,53.12749863,53.31499863,51.92396164,77449200
09/09/2019,53.70999908,54.11000061,52.76750183,53.54249954,52.14551926,109237600
09/10/2019,53.46500015,54.19499969,52.92750168,54.17499924,52.76151276,127111600
09/11/2019,54.51750183,55.92750168,54.43249893,55.89749908,54.43907166,177158400
09/12/2019,56.20000076,56.60499954,55.71500015,55.77249908,54.31734085,128906800
09/13/2019,55,55.19749832,54.25500107,54.6875,53.26063919,159053200
09/16/2019,54.43249893,55.03250122,54.38999939,54.97499847,53.54063416,84632400
09/17/2019,54.99000168,55.20500183,54.77999878,55.17499924,53.73542023,73274800
09/18/2019,55.26499939,55.71250153,54.86000061,55.69250107,54.23941803,101360000
09/19/2019,55.50249863,55.93999863,55.09249878,55.24000168,53.79872894,88242400
09/20/2019,55.34500122,55.63999939,54.36750031,54.43249893,53.01229477,221652400
09/23/2019,54.73749924,54.95999908,54.41249847,54.68000031,53.25333786,76662000
09/24/2019,55.25749969,55.62250137,54.29750061,54.41999817,53.00011826,124763200
09/25/2019,54.63750076,55.375,54.28499985,55.25749969,53.81577301,87613600
09/26/2019,55,55.23500061,54.70750046,54.97249985,53.53820038,75334000
09/27/2019,55.13499832,55.24000168,54.31999969,54.70500183,53.2776947,101408000
09/30/2019,55.22499847,56.14500046,55.19749832,55.99250031,54.53159714,103909600
10/01/2019,56.26750183,57.05500031,56.04999924,56.14749908,54.68254471,139223200
10/02/2019,55.76499939,55.89500046,54.48249817,54.74000168,53.31177902,138449200
10/03/2019,54.60749817,55.24000168,53.78250122,55.20500183,53.76463318,114426000
10/04/2019,56.40999985,56.87250137,55.97249985,56.75249863,55.27176666,138478800
10/07/2019,56.56750107,57.48249817,56.45999908,56.76499939,55.28393555,122306000
10/08/2019,56.45500183,57.01499939,56.08250046,56.09999847,54.63628387,111820000
10/09/2019,56.75749969,56.94749832,56.40999985,56.75749969,55.27663422,74770400
10/10/2019,56.98249817,57.61000061,56.82500076,57.52249908,56.02167892,113013600
10/11/2019,58.23749924,59.40999985,58.07749939,59.05250168,57.51176071,166795600
10/14/2019,58.72499847,59.53250122,58.66749954,58.96749878,57.42897034,96427600
10/15/2019,59.09749985,59.41249847,58.72000122,58.83000183,57.2950592,87360000
10/16/2019,58.34249878,58.81000137,58.29999924,58.59249878,57.06375504,73903200
10/17/2019,58.77249908,59.03749847,58.38000107,58.81999969,57.28532028,67585200
10/18/2019,58.64749908,59.39500046,58.57249832,59.10250092,57.56045914,97433600
10/21/2019,59.38000107,60.24750137,59.33000183,60.12749863,58.55870819,87247200
10/22/2019,60.29000092,60.54999924,59.90499878,59.99000168,58.42479324,82293600
10/23/2019,60.52500153,60.81000137,60.30500031,60.79499817,59.20878601,75828800
10/24/2019,61.12749863,61.20000076,60.45249939,60.89500046,59.30617523,69275200
10/25/2019,60.79000092,61.68249893,60.72000122,61.64500046,60.03660965,73477200
10/28/2019,61.85499954,62.3125,61.68000031,62.26250076,60.63800812,96572800
10/29/2019,62.24250031,62.4375,60.64250183,60.82249832,59.23557663,142839600
10/30/2019,61.18999863,61.32500076,60.30250168,60.81499863,59.22827148,124522000
10/31/2019,61.81000137,62.29249954,59.31499863,62.18999863,60.56740189,139162000
11/01/2019,62.38499832,63.98249817,62.29000092,63.95500183,62.28634644,151125200
11/04/2019,64.33249664,64.46250153,63.84500122,64.375,62.69537735,103272000
11/05/2019,64.26249695,64.54750061,64.08000183,64.28250122,62.6053009,79897600
11/06/2019,64.19249725,64.37249756,63.84249878,64.30999756,62.63208008,75864400
11/07/2019,64.68499756,65.08750153,64.52749634,64.85749817,63.35493088,94940400
11/08/2019,64.67250061,65.11000061,64.21250153,65.03500366,63.52832413,69986400
11/11/2019,64.57499695,65.61750031,64.56999969,65.55000305,64.03138733,81821200
11/12/2019,65.38749695,65.69750214,65.23000336,65.48999786,63.97278595,87388800
11/13/2019,65.28250122,66.19499969,65.26750183,66.11750031,64.58575439,102734400
11/14/2019,65.9375,66.22000122,65.52500153,65.66000366,64.13884735,89182800
11/15/2019,65.91999817,66.44499969,65.75250244,66.44000244,64.90077972,100206400
11/18/2019,66.44999695,66.85749817,66.05750275,66.77500153,65.22801971,86703200
11/19/2019,66.97499847,67,66.34750366,66.57250214,65.03018951,76167200
11/20/2019,66.38500214,66.51999664,65.09999847,65.79750061,64.27315521,106234400
11/21/2019,65.92250061,66.00250244,65.29499817,65.50250244,63.9849968,121395200
11/22/2019,65.64749908,65.79499817,65.20999908,65.44499969,63.92882538,65325200
11/25/2019,65.67749786,66.61000061,65.62999725,66.59249878,65.04974365,84020400
11/26/2019,66.73500061,66.79000092,65.625,66.07250214,64.54180145,105207600
11/27/2019,66.39499664,66.99500275,66.32749939,66.95999908,65.40871429,65235600
11/29/2019,66.65000153,67,66.47499847,66.8125,65.26464081,46617600
12/02/2019,66.81749725,67.0625,65.86250305,66.04000092,64.51005554,94487200
12/03/2019,64.57749939,64.88249969,64.07250214,64.86250305,63.35982513,114430400
12/04/2019,65.26750183,65.82749939,65.16999817,65.43499756,63.91904831,67181600
12/05/2019,65.94750214,66.47250366,65.68250275,66.39499664,64.85681152,74424400
12/06/2019,66.87000275,67.75,66.82499695,67.67749786,66.10961151,106075600
12/09/2019,67.5,67.69999695,66.22750092,66.73000336,65.1840744,128042400
12/10/2019,67.15000153,67.51750183,66.46499634,67.12000275,65.5650177,90420400
12/11/2019,67.20249939,67.77500153,67.125,67.69249725,66.12425232,78756800
12/12/2019,66.94499969,68.13999939,66.83000183,67.86499786,66.29276276,137310400
12/13/2019,67.86499786,68.82499695,67.73249817,68.78749847,67.1938858,133587600
12/16/2019,69.25,70.19750214,69.24500275,69.96499634,68.34409332,128186000
12/17/2019,69.89250183,70.44249725,69.69999695,70.10250092,68.47841644,114158400
12/18/2019,69.94999695,70.47499847,69.77999878,69.93499756,68.31480408,116028400
12/19/2019,69.875,70.29499817,69.73750305,70.00499725,68.38317871,98369200
12/20/2019,70.55750275,70.66249847,69.63999939,69.86000061,68.241539,275978000
12/23/2019,70.13249969,71.0625,70.09249878,71,69.35513306,98572000
12/24/2019,71.17250061,71.22250366,70.73000336,71.06749725,69.42105865,48478800
12/26/2019,71.20500183,72.49500275,71.17500305,72.47750092,70.79840851,93121200
12/27/2019,72.77999878,73.49250031,72.02999878,72.44999695,70.77153778,146266000
12/30/2019,72.36499786,73.17250061,71.30500031,72.87999725,71.19156647,144114400
12/31/2019,72.48249817,73.41999817,72.37999725,73.41249847,71.71173859,100805600
01/02/2020,74.05999756,75.15000153,73.79750061,75.08750153,73.34793091,135480400
01/03/2020,74.28749847,75.14499664,74.125,74.35749817,72.63484955,146322800
01/06/2020,73.44750214,74.98999786,73.1875,74.94999695,73.21363068,118387200
01/07/2020,74.95999908,75.22499847,74.37000275,74.59750366,72.86929321,108872000
01/08/2020,74.29000092,76.11000061,74.29000092,75.79750061,74.04148865,132079200
01/09/2020,76.80999756,77.60749817,76.55000305,77.40750122,75.61417389,170108400
01/10/2020,77.65000153,78.16750336,77.0625,77.58249664,75.78513336,140644800
01/13/2020,77.91000366,79.26750183,77.78749847,79.23999786,77.40423584,121532000
01/14/2020,79.17500305,79.39250183,78.04250336,78.16999817,76.35902405,161954400
01/15/2020,77.96250153,78.875,77.38749695,77.83499908,76.03179932,121923600
01/16/2020,78.39749908,78.92500305,78.02249908,78.80999756,76.98418427,108829200
01/17/2020,79.06749725,79.68499756,78.75,79.68250275,77.83646393,137816400
01/21/2020,79.29750061,79.75499725,79,79.14250183,77.30899811,110843200
01/22/2020,79.64499664,79.99749756,79.32749939,79.42500305,77.58495331,101832400
01/23/2020,79.48000336,79.88999939,78.91249847,79.80750275,77.95858765,104472000
01/24/2020,80.0625,80.83249664,79.37999725,79.57749939,77.73390961,146537600
01/27/2020,77.51499939,77.94249725,76.22000122,77.23750305,75.44813538,161940000
01/28/2020,78.15000153,79.59999847,78.04750061,79.42250061,77.58250427,162234000
01/29/2020,81.11250305,81.96250153,80.34500122,81.08499908,79.20648956,216229200
01/30/2020,80.13500214,81.02249908,79.6875,80.96749878,79.09171295,126743200
01/31/2020,80.23249817,80.66999817,77.07250214,77.37750244,75.58489227,199588400
02/03/2020,76.07499695,78.37249756,75.55500031,77.16500092,75.37730408,173788400
02/04/2020,78.82749939,79.91000366,78.40750122,79.71250153,77.86579895,136616400
02/05/2020,80.87999725,81.19000244,79.73750305,80.36250305,78.50073242,118826800
02/06/2020,80.64250183,81.30500031,80.06500244,81.30249786,79.41894531,105425600
02/07/2020,80.59249878,80.84999847,79.5,80.00749969,78.33943939,117684000
02/10/2020,78.54499817,80.38749695,78.46250153,80.38749695,78.7115097,109348800
02/11/2020,80.90000153,80.97499847,79.67749786,79.90249634,78.23660278,94323200
02/12/2020,80.36750031,81.80500031,80.36750031,81.80000305,80.09456635,113730400
02/13/2020,81.04750061,81.55500031,80.83750153,81.21749878,79.5242157,94747600
02/14/2020,81.18499756,81.49500275,80.71250153,81.23750305,79.54379272,80113600
02/18/2020,78.83999634,79.9375,78.65249634,79.75,78.08730316,152531200
02/19/2020,80,81.14250183,80,80.90499878,79.21822357,93984000
02/20/2020,80.65750122,81.16249847,79.55249786,80.07499695,78.40554047,100566000
02/21/2020,79.65499878,80.11250305,77.625,78.26249695,76.63080597,129554000
02/24/2020,74.31500244,76.04499817,72.30750275,74.54499817,72.99081421,222195200
02/25/2020,75.23750305,75.63249969,71.53250122,72.01999664,70.51845551,230673600
02/26/2020,71.63249969,74.47000122,71.625,73.16249847,71.637146,198054800
02/27/2020,70.27500153,71.5,68.23999786,68.37999725,66.95436096,320605600
02/28/2020,64.31500244,69.60250092,64.09249878,68.33999634,66.91518402,426510000
03/02/2020,70.56999969,75.36000061,69.43000031,74.70249939,73.14501953,341397200
03/03/2020,75.91750336,76,71.44999695,72.33000183,70.8219986,319475600
03/04/2020,74.11000061,75.84999847,73.28250122,75.68499756,74.10705566,219178400
03/05/2020,73.87999725,74.88749695,72.85250092,73.23000336,71.70323944,187572800
03/06/2020,70.5,72.70500183,70.30750275,72.25749969,70.75102234,226176800
03/09/2020,65.9375,69.52249908,65.75,66.54250336,65.15516663,286744800
03/10/2020,69.28500366,71.61000061,67.34249878,71.33499908,69.84776306,285290000
03/11/2020,69.34750366,70.30500031,67.96499634,68.85749817,67.42190552,255598800
03/12/2020,63.98500061,67.5,62,62.05749893,60.76367569,418474000
03/13/2020,66.22250366,69.98000336,63.23749924,69.49250031,68.04364777,370732000
03/16/2020,60.48749924,64.76999664,60,60.55250168,59.29005051,322423600
03/17/2020,61.87749863,64.40249634,59.59999847,63.21500015,61.89704132,324056000
03/18/2020,59.94250107,62.5,59.27999878,61.66749954,60.38180161,300233600
03/19/2020,61.84749985,63.20999908,60.65250015,61.19499969,59.91915512,271857200
03/20/2020,61.79499817,62.95750046,57,57.31000137,56.11515427,401693200
03/23/2020,57.02000046,57.125,53.15250015,56.09249878,54.92303467,336752800
03/24/2020,59.09000015,61.92250061,58.57500076,61.72000122,60.43321228,287531200
03/25/2020,62.6875,64.5625,61.07500076,61.38000107,60.10029602,303602000
03/26/2020,61.63000107,64.66999817,61.59000015,64.61000061,63.2629509,252087200
03/27/2020,63.1875,63.96749878,61.76250076,61.93500137,60.64372635,204216800
03/30/2020,62.68500137,63.88000107,62.34999847,63.70249939,62.37437439,167976400
03/31/2020,63.90000153,65.62249756,63,63.57249832,62.24708176,197002000
04/01/2020,61.625,62.18000031,59.78250122,60.22750092,58.97183228,176218400
04/02/2020,60.08499908,61.28749847,59.22499847,61.23249817,59.95587158,165934000
04/03/2020,60.70000076,61.42499924,59.74250031,60.35250092,59.09422302,129880000
04/06/2020,62.72499847,65.77749634,62.34500122,65.61750031,64.24946594,201820400
04/07/2020,67.69999695,67.92500305,64.75,64.85749817,63.50529099,202887200
04/08/2020,65.68499756,66.84249878,65.30750275,66.51750183,65.13069916,168895200
04/09/2020,67.17500305,67.51750183,66.17500305,66.99749756,65.60067749,161834800
04/13/2020,67.07749939,68.42500305,66.45749664,68.3125,66.88825989,131022800
04/14/2020,70,72.0625,69.51249695,71.76249695,70.26631927,194994800
04/15/2020,70.59999847,71.58249664,70.15750122,71.10749817,69.62498474,131154400
04/16/2020,71.84500122,72.05000305,70.58750153,71.67250061,70.17819214,157125200
04/17/2020,71.17250061,71.73750305,69.21499634,70.69999695,69.2259903,215250000
04/20/2020,69.48750305,70.41999817,69.21250153,69.23249817,67.78908539,130015200
04/21/2020,69.06999969,69.3125,66.35749817,67.09249878,65.6937027,180991600
04/22/2020,68.40249634,69.47499847,68.05000305,69.02500153,67.58591461,116862400
04/23/2020,68.96749878,70.4375,68.71749878,68.75749969,67.32397461,124814400
04/24/2020,69.30000305,70.75250244,69.25,70.74250031,69.26760101,126161200
04/27/2020,70.44999695,71.13500214,69.98750305,70.79250336,69.31655884,117087600
04/28/2020,71.26999664,71.45749664,69.55000305,69.64499664,68.19298553,112004800
04/29/2020,71.18250275,72.41750336,70.97250366,71.93250275,70.43279266,137280800
04/30/2020,72.48999786,73.63249969,72.08750153,73.44999695,71.91864014,183064000
05/01/2020,71.5625,74.75,71.46250153,72.26750183,70.76081085,240616800
05/04/2020,72.29250336,73.42250061,71.58000183,73.29000092,71.76200104,133568000
05/05/2020,73.76499939,75.25,73.61499786,74.38999939,72.83905792,147751200
05/06/2020,75.11499786,75.80999756,74.71749878,75.15750122,73.59055328,142333600
05/07/2020,75.80500031,76.29250336,75.49250031,75.93499756,74.35182953,115215200
05/08/2020,76.41000366,77.58750153,76.07250214,77.53250122,76.12154388,133838400
05/11/2020,77.02500153,79.26249695,76.80999756,78.75250244,77.31932831,145946400
05/12/2020,79.45749664,79.92250061,77.72750092,77.85250092,76.43571472,162301200
05/13/2020,78.03749847,78.98750305,75.80249786,76.91249847,75.51282501,200622400
05/14/2020,76.12750244,77.44750214,75.38249969,77.38500214,75.97672272,158929200
05/15/2020,75.08750153,76.97499847,75.05249786,76.92749786,75.52754211,166348400
05/18/2020,78.29250336,79.125,77.58000183,78.73999786,77.30706024,135178400
05/19/2020,78.75749969,79.62999725,78.25250244,78.28500366,76.86035156,101729600
05/20/2020,79.16999817,79.87999725,79.12999725,79.80750275,78.35513306,111504800
05/21/2020,79.66500092,80.22250366,78.96749878,79.21250153,77.77095795,102688800
05/22/2020,78.94249725,79.80750275,78.83750153,79.72250366,78.271698,81803200
05/26/2020,80.875,81.05999756,79.125,79.18250275,77.74151611,125522000
05/27/2020,79.03500366,79.67749786,78.27249908,79.52749634,78.08022308,112945200
05/28/2020,79.19249725,80.86000061,78.90750122,79.5625,78.11458588,133560800
05/29/2020,79.8125,80.28749847,79.11750031,79.48500061,78.03849792,153532400
06/01/2020,79.4375,80.58750153,79.30249786,80.46250153,78.99822235,80791200
06/02/2020,80.1875,80.86000061,79.73249817,80.83499908,79.36393738,87642800
06/03/2020,81.16500092,81.55000305,80.57499695,81.27999878,79.80083466,104491200
06/04/2020,81.09750366,81.40499878,80.19499969,80.58000183,79.1135788,87560400
06/05/2020,80.83750153,82.9375,80.80750275,82.875,81.36680603,137250400
06/08/2020,82.5625,83.40000153,81.83000183,83.36499786,81.84789276,95654400
06/09/2020,83.03500366,86.40249634,83.00250244,85.99749756,84.43249512,147712400
06/10/2020,86.97499847,88.69249725,86.52249908,88.20999908,86.6047287,166651600
06/11/2020,87.32749939,87.76499939,83.87000275,83.97499847,82.4467926,201662400
06/12/2020,86.18000031,86.94999695,83.55500031,84.69999695,83.15860748,200146000
06/15/2020,83.3125,86.41999817,83.14499664,85.74749756,84.18703461,138808800
06/16/2020,87.86499786,88.30000305,86.18000031,88.01999664,86.41819,165428800
06/17/2020,88.78749847,88.84999847,87.77249908,87.89749908,86.2979126,114406400
06/18/2020,87.85250092,88.36250305,87.30500031,87.93250275,86.33228302,96820400
06/19/2020,88.66000366,89.13999939,86.28749847,87.43000031,85.83893585,264476000
06/22/2020,87.83499908,89.86499786,87.78749847,89.71749878,88.08479309,135445200
06/23/2020,91,93.09500122,90.56749725,91.63249969,89.96495819,212155600
06/24/2020,91.25,92.19750214,89.62999725,90.01499939,88.37689209,192623200
06/25/2020,90.17500305,91.25,89.39250183,91.20999908,89.55014801,137522400
06/26/2020,91.10250092,91.33000183,88.25499725,88.40750122,86.79862213,205256800
06/29/2020,88.3125,90.54250336,87.81999969,90.44499969,88.79907227,130646000
06/30/2020,90.01999664,91.49500275,90,91.19999695,89.54031372,140223200
07/01/2020,91.27999878,91.83999634,90.97750092,91.02749634,89.37095642,110737200
07/02/2020,91.96250153,92.61750031,90.91000366,91.02749634,89.37095642,114041600
07/06/2020,92.5,93.94499969,92.46749878,93.46250153,91.76165009,118655600
07/07/2020,93.85250092,94.65499878,93.05750275,93.17250061,91.47692108,112424400
07/08/2020,94.18000031,95.375,94.08999634,95.34249878,93.6074295,117092000
07/09/2020,96.26249695,96.31749725,94.67250061,95.75250244,94.00995636,125642800
07/10/2020,95.33499908,95.98000336,94.70500183,95.91999817,94.17441559,90257200
07/13/2020,97.26499939,99.95500183,95.25749969,95.47750092,93.73995972,191649200
07/14/2020,94.83999634,97.25499725,93.87750244,97.05750275,95.29120636,170989200
07/15/2020,98.98999786,99.24749756,96.48999786,97.72499847,95.94656372,153198000
07/16/2020,96.5625,97.40499878,95.90499878,96.52249908,94.76596069,110577600
07/17/2020,96.98750305,97.14749908,95.83999634,96.32749939,94.57450104,92186800
07/20/2020,96.41750336,98.5,96.0625,98.35749817,96.56756592,90318000
07/21/2020,99.17250061,99.25,96.74250031,97,95.23477173,103433200
07/22/2020,96.69249725,97.97499847,96.60250092,97.27249908,95.50231171,89001600
07/23/2020,96.99749756,97.07749939,92.01000214,92.84500122,91.15538788,197004400
07/24/2020,90.98750305,92.97000122,89.14499664,92.61499786,90.9295578,185438800
07/27/2020,93.70999908,94.90499878,93.48000336,94.80999756,93.08461761,121214000
07/28/2020,94.36750031,94.55000305,93.24749756,93.25250244,91.55547333,103625600
07/29/2020,93.75,95.23000336,93.71250153,95.04000092,93.31043243,90329200
07/30/2020,94.1875,96.29750061,93.76750183,96.19000244,94.43951416,158130000
07/31/2020,102.8850021,106.4150009,100.8249969,106.2600021,104.3262482,374336800
08/03/2020,108.1999969,111.6374969,107.8925018,108.9375,106.9550171,308151200
08/04/2020,109.1324997,110.7900009,108.3874969,109.6650009,107.669281,173071600
08/05/2020,109.3775024,110.3925018,108.8974991,110.0625,108.0595551,121776800
08/06/2020,110.4049988,114.4124985,109.7975006,113.9024963,111.8296585,202428800
08/07/2020,113.2050018,113.6750031,110.2925034,111.1125031,109.2871475,198045600
08/10/2020,112.5999985,113.7750015,110,112.7275009,110.8756104,212403600
08/11/2020,111.9700012,112.4824982,109.1074982,109.375,107.5781784,187902400
08/12/2020,110.4974976,113.2750015,110.2975006,113.0100021,111.1534653,165598000
08/13/2020,114.4300003,116.0425034,113.9274979,115.0100021,113.1206055,210082000
08/14/2020,114.8300018,115,113.0449982,114.9075012,113.019783,165565200
08/17/2020,116.0625,116.0875015,113.9625015,114.6074982,112.7247238,119561600
08/18/2020,114.3525009,116,114.0074997,115.5625,113.664032,105633600
08/19/2020,115.9824982,117.1624985,115.6100006,115.7074966,113.8066406,145538000
08/20/2020,115.75,118.3925018,115.7324982,118.2750015,116.3319626,126907200
08/21/2020,119.2624969,124.8675003,119.25,124.3700027,122.3268356,338054800
08/24/2020,128.6974945,128.7850037,123.9375,125.8574982,123.7899017,345937600
08/25/2020,124.6975021,125.1800003,123.0524979,124.8249969,122.7743454,211495600
08/26/2020,126.1800003,126.9925003,125.0824966,126.5224991,124.4439774,163022400
08/27/2020,127.1425018,127.4850006,123.8324966,125.0100021,122.9563217,155552400
08/28/2020,126.0124969,126.4424973,124.5774994,124.8075027,122.7571487,187630000
08/31/2020,127.5800018,131,126,129.0399933,126.9201202,225702700
09/01/2020,132.7599945,134.8000031,130.5299988,134.1799927,131.9756622,151948100
09/02/2020,137.5899963,137.9799957,127,131.3999939,129.241333,200119000
09/03/2020,126.9100037,128.8399963,120.5,120.8799973,118.894165,257599600
09/04/2020,120.0699997,123.6999969,110.8899994,120.9599991,118.9728622,332607200
09/08/2020,113.9499969,118.9899979,112.6800003,112.8199997,110.9665909,231366600
09/09/2020,117.2600021,119.1399994,115.2600021,117.3199997,115.3926697,176940500
09/10/2020,120.3600006,120.5,112.5,113.4899979,111.6255798,182274400
09/11/2020,114.5699997,115.2300034,110,112,110.1600494,180860300
09/14/2020,114.7200012,115.9300003,112.8000031,115.3600006,113.4648514,140150100
09/15/2020,118.3300018,118.8300018,113.6100006,115.5400009,113.6419067,184642000
09/16/2020,115.2300034,116,112.0400009,112.1299973,110.2879105,154679000
09/17/2020,109.7200012,112.1999969,108.7099991,110.3399963,108.5273361,178011000
09/18/2020,110.4000015,110.8799973,106.0899963,106.8399963,105.0848083,287104900
09/21/2020,104.5400009,110.1900024,103.0999985,110.0800018,108.2716064,195713800
09/22/2020,112.6800003,112.8600006,109.1600037,111.8099976,109.9731674,183055400
09/23/2020,111.6200027,112.1100006,106.7699966,107.1200027,105.3602219,150718700
09/24/2020,105.1699982,110.25,105,108.2200012,106.4421463,167743300
09/25/2020,108.4300003,112.4400024,107.6699982,112.2799988,110.4354477,149981400
09/28/2020,115.0100021,115.3199997,112.7799988,114.9599991,113.0714264,137672400
09/29/2020,114.5500031,115.3099976,113.5699997,114.0899963,112.2157211,99382200
09/30/2020,113.7900009,117.2600021,113.6200027,115.8099976,113.9074554,142675200
10/01/2020,117.6399994,117.7200012,115.8300018,116.7900009,114.8713608,116120400
10/02/2020,112.8899994,115.3700027,112.2200012,113.0199966,111.1632919,144712000
10/05/2020,113.9100037,116.6500015,113.5500031,116.5,114.5861206,106243800
10/06/2020,115.6999969,116.1200027,112.25,113.1600037,111.3009949,161498200
10/07/2020,114.6200027,115.5500031,114.1299973,115.0800018,113.1894531,96849000
10/08/2020,116.25,116.4000015,114.5899963,114.9700012,113.0812607,83477200
10/09/2020,115.2799988,117,114.9199982,116.9700012,115.0483932,100506900
10/12/2020,120.0599976,125.1800003,119.2799988,124.4000015,122.3563385,240226800
10/13/2020,125.2699966,125.3899994,119.6500015,121.0999985,119.1105576,262330500
10/14/2020,121,123.0299988,119.6200027,121.1900024,119.1990967,150712000
10/15/2020,118.7200012,121.1999969,118.1500015,120.7099991,118.7269669,112559200
10/16/2020,121.2799988,121.5500031,118.8099976,119.0199966,117.0647202,115393800
10/19/2020,119.9599991,120.4199982,115.6600037,115.9800034,114.0746765,120639300
10/20/2020,116.1999969,118.9800034,115.6299973,117.5100021,115.5795441,124423700
10/21/2020,116.6699982,118.7099991,116.4499969,116.8700027,114.950058,89946000
10/22/2020,117.4499969,118.0400009,114.5899963,115.75,113.848465,101988000
10/23/2020,116.3899994,116.5500031,114.2799988,115.0400009,113.1501236,82572600
10/26/2020,114.0100021,116.5500031,112.8799973,115.0500031,113.1599503,111850700
10/27/2020,115.4899979,117.2799988,114.5400009,116.5999985,114.6844711,92276800
10/28/2020,115.0500031,115.4300003,111.0999985,111.1999969,109.3731995,143937800
10/29/2020,112.3700027,116.9300003,112.1999969,115.3199997,113.4255066,146129200
10/30/2020,111.0599976,111.9899979,107.7200012,108.8600006,107.0716248,190272600
11/02/2020,109.1100006,110.6800003,107.3199997,108.7699966,106.9831085,122866900
11/03/2020,109.6600037,111.4899979,108.7300034,110.4400024,108.625679,107624400
11/04/2020,114.1399994,115.5899963,112.3499985,114.9499969,113.0615845,138235500
11/05/2020,117.9499969,119.6200027,116.8700027,119.0299988,117.0745621,126387100
11/06/2020,118.3199997,119.1999969,116.1299973,118.6900024,116.9415588,114457900
11/09/2020,120.5,121.9899979,116.0500031,116.3199997,114.6064606,154515300
11/10/2020,115.5500031,117.5899963,114.1299973,115.9700012,114.2616348,138023400
11/11/2020,117.1900024,119.6299973,116.4400024,119.4899979,117.7297668,112295000
11/12/2020,119.6200027,120.5299988,118.5699997,119.2099991,117.4538956,103162300
11/13/2020,119.4400024,119.6699982,117.8700027,119.2600021,117.5031586,81581900
11/16/2020,118.9199982,120.9899979,118.1500015,120.3000031,118.5278397,91183000
11/17/2020,119.5500031,120.6699982,118.9599991,119.3899994,117.6312408,74271000
11/18/2020,118.6100006,119.8199997,118,118.0299988,116.2912674,76322100
11/19/2020,117.5899963,119.0599976,116.8099976,118.6399994,116.8922958,74113000
11/20/2020,118.6399994,118.7699966,117.2900009,117.3399963,115.6114349,73604300
11/23/2020,117.1800003,117.6200027,113.75,113.8499985,112.1728516,127959300
11/24/2020,113.9100037,115.8499985,112.5899963,115.1699982,113.4733963,113874200
11/25/2020,115.5500031,116.75,115.1699982,116.0299988,114.320755,76499200
11/27/2020,116.5699997,117.4899979,116.2200012,116.5899963,114.8724823,46691300
11/30/2020,116.9700012,120.9700012,116.8099976,119.0500031,117.2962494,169410200
12/01/2020,121.0100021,123.4700012,120.0100021,122.7200012,120.9121857,127728200
12/02/2020,122.0199966,123.3700027,120.8899994,123.0800018,121.2668839,89004200
12/03/2020,123.5199966,123.7799988,122.2099991,122.9400024,121.1289444,78967600
12/04/2020,122.5999985,122.8600006,121.5199966,122.25,120.4491119,78260400
12/07/2020,122.3099976,124.5699997,122.25,123.75,121.9270172,86712000
12/08/2020,124.3700027,124.9800034,123.0899963,124.3799973,122.5477295,82225500
12/09/2020,124.5299988,125.9499969,121,121.7799988,119.9860229,115089200
12/10/2020,120.5,123.8700027,120.1500015,123.2399979,121.42453,81312200
12/11/2020,122.4300003,122.7600021,120.5500031,122.4100037,120.6067581,86939800
12/14/2020,122.5999985,123.3499985,121.5400009,121.7799988,119.9860229,79184500
12/15/2020,124.3399963,127.9000015,124.1299973,127.8799973,125.99617,157243700
12/16/2020,127.4100037,128.3699951,126.5599976,127.8099976,125.9272079,98208600
12/17/2020,128.8999939,129.5800018,128.0399933,128.6999969,126.8040924,94359800
12/18/2020,128.9600067,129.1000061,126.1200027,126.6600037,124.7941437,192541500
12/21/2020,125.0199966,128.3099976,123.4499969,128.2299957,126.3410263,121251600
12/22/2020,131.6100006,134.4100037,129.6499939,131.8800049,129.9372559,168904800
12/23/2020,132.1600037,132.4299927,130.7799988,130.9600067,129.0308075,88223700
12/24/2020,131.3200073,133.4600067,131.1000061,131.9700012,130.0259247,54930100
12/28/2020,133.9900055,137.3399963,133.5099945,136.6900024,134.6764069,124486200
12/29/2020,138.0500031,138.7899933,134.3399963,134.8699951,132.883194,121047300
12/30/2020,135.5800018,135.9900055,133.3999939,133.7200012,131.7501373,96452100
12/31/2020,134.0800018,134.7400055,131.7200012,132.6900024,130.7353363,99116600
01/04/2021,133.5200043,133.6100006,126.7600021,129.4100037,127.5036469,143301900
01/05/2021,128.8899994,131.7400055,128.4299927,131.0099945,129.0800476,97664900
01/06/2021,127.7200012,131.0500031,126.3799973,126.5999985,124.7350311,155088000
01/07/2021,128.3600006,131.6300049,127.8600006,130.9199982,128.9913788,109578200
01/08/2021,132.4299927,132.6300049,130.2299957,132.0500031,130.1047516,105158200
01/11/2021,129.1900024,130.1699982,128.5,128.9799957,127.0799789,100384500
01/12/2021,128.5,129.6900024,126.8600006,128.8000031,126.9026337,91951100
01/13/2021,128.7599945,131.4499969,128.4900055,130.8899994,128.9618225,88636800
01/14/2021,130.8000031,131,128.7599945,128.9100037,127.0110245,90221800
01/15/2021,128.7799988,130.2200012,127,127.1399994,125.267067,111598500
01/19/2021,127.7799988,128.7100067,126.9400024,127.8300018,125.9469223,90757300
01/20/2021,128.6600037,132.4900055,128.5500031,132.0299988,130.0850372,104319500
01/21/2021,133.8000031,139.6699982,133.5899963,136.8699951,134.8537445,120150900
01/22/2021,136.2799988,139.8500061,135.0200043,139.0700073,137.0213318,114459400
01/25/2021,143.0700073,145.0899963,136.5399933,142.9199982,140.8146057,157611700
01/26/2021,143.6000061,144.3000031,141.3699951,143.1600037,141.0510864,98390600
01/27/2021,143.4299927,144.3000031,140.4100037,142.0599976,139.9672852,140843800
01/28/2021,139.5200043,141.9900055,136.6999969,137.0899963,135.0704956,142621100
01/29/2021,135.8300018,136.7400055,130.2100067,131.9600067,130.0160828,177523800
02/01/2021,133.75,135.3800049,130.9299927,134.1399994,132.1639557,106239800
02/02/2021,135.7299957,136.3099976,134.6100006,134.9900055,133.0014496,83305400
02/03/2021,135.7599945,135.7700043,133.6100006,133.9400024,131.9669037,89880900
02/04/2021,136.3000031,137.3999939,134.5899963,137.3899994,135.3660736,84183100
02/05/2021,137.3500061,137.4199982,135.8600006,136.7599945,134.9467163,75693800
02/08/2021,136.0299988,136.9600067,134.9199982,136.9100037,135.0947113,71297200
02/09/2021,136.6199951,137.8800049,135.8500061,136.0099945,134.2066498,76774200
02/10/2021,136.4799957,136.9900055,134.3999939,135.3899994,133.5948792,73046600
02/11/2021,135.8999939,136.3899994,133.7700043,135.1300049,133.3383331,64280000
02/12/2021,134.3500061,135.5299988,133.6900024,135.3699951,133.5751343,60145100
02/16/2021,135.4900055,136.0099945,132.7899933,133.1900024,131.424057,80576300
02/17/2021,131.25,132.2200012,129.4700012,130.8399963,129.1052094,97918500
02/18/2021,129.1999969,130,127.4100037,129.7100067,127.9902039,96856700
02/19/2021,130.2400055,130.7100067,128.8000031,129.8699951,128.1480713,87668800
02/22/2021,128.0099945,129.7200012,125.5999985,126,124.3293686,103916400
02/23/2021,123.7600021,126.7099991,118.3899994,125.8600006,124.1912308,158273000
02/24/2021,124.9400024,125.5599976,122.2300034,125.3499985,123.6880035,111039900
02/25/2021,124.6800003,126.4599991,120.5400009,120.9899979,119.3858109,148199500
02/26/2021,122.5899963,124.8499985,121.1999969,121.2600021,119.6522217,164560400
03/01/2021,123.75,127.9300003,122.7900009,127.7900009,126.0956421,116307900
03/02/2021,128.4100037,128.7200012,125.0100021,125.1200027,123.4610596,102260900
03/03/2021,124.8099976,125.7099991,121.8399963,122.0599976,120.4416199,112966300
03/04/2021,121.75,123.5999985,118.6200027,120.1299973,118.5372162,178155000
03/05/2021,120.9800034,121.9400024,117.5699997,121.4199982,119.810112,153766600
03/08/2021,120.9300003,121,116.2099991,116.3600006,114.8171997,154376600
03/09/2021,119.0299988,122.0599976,118.7900009,121.0899963,119.4844742,129525800
03/10/2021,121.6900024,122.1699982,119.4499969,119.9800034,118.3891983,111943300
03/11/2021,122.5400009,123.2099991,121.2600021,121.9599991,120.3429413,103026500
03/12/2021,120.4000015,121.1699982,119.1600037,121.0299988,119.4252701,88105100
03/15/2021,121.4100037,124,120.4199982,123.9899979,122.3460159,92403800
03/16/2021,125.6999969,127.2200012,124.7200012,125.5699997,123.9050827,115227900
03/17/2021,124.0500031,125.8600006,122.3399963,124.7600021,123.1058273,111932600
03/18/2021,122.8799973,123.1800003,120.3199997,120.5299988,118.9319077,121229700
03/19/2021,119.9000015,121.4300003,119.6800003,119.9899979,118.3990707,185549500
03/22/2021,120.3300018,123.8700027,120.2600021,123.3899994,121.7539825,111912300
03/23/2021,123.3300018,124.2399979,122.1399994,122.5400009,120.9152527,95467100
03/24/2021,122.8199997,122.9000015,120.0699997,120.0899963,118.4977341,88530500
03/25/2021,119.5400009,121.6600037,119,120.5899963,118.9911041,98844700
03/26/2021,120.3499985,121.4800034,118.9199982,121.2099991,119.6028824,94071200
03/29/2021,121.6500015,122.5800018,120.7300034,121.3899994,119.7805023,80819200
03/30/2021,120.1100006,120.4000015,118.8600006,119.9000015,118.3102646,85671900
03/31/2021,121.6500015,123.5199966,121.1500015,122.1500015,120.530426,118323800
04/01/2021,123.6600037,124.1800003,122.4899979,123,121.3691483,75089100
04/05/2021,123.8700027,126.1600037,123.0699997,125.9000015,124.2307129,88651200
04/06/2021,126.5,127.1299973,125.6500015,126.2099991,124.5365906,80171300
04/07/2021,125.8300018,127.9199982,125.1399994,127.9000015,126.2042007,83466700
04/08/2021,128.9499969,130.3899994,128.5200043,130.3600006,128.631546,88844600
04/09/2021,129.8000031,133.0399933,129.4700012,133,131.2365723,106686700
04/12/2021,132.5200043,132.8500061,130.6300049,131.2400055,129.4998932,91420000
04/13/2021,132.4400024,134.6600037,131.9299927,134.4299927,132.6475983,91266500
04/14/2021,134.9400024,135,131.6600037,132.0299988,130.2794189,87222800
04/15/2021,133.8200073,135,133.6399994,134.5,132.7166748,89347100
04/16/2021,134.3000031,134.6699982,133.2799988,134.1600037,132.3811951,84922400
04/19/2021,133.5099945,135.4700012,133.3399963,134.8399963,133.0521393,94264200
04/20/2021,135.0200043,135.5299988,131.8099976,133.1100006,131.3450928,94812300
04/21/2021,132.3600006,133.75,131.3000031,133.5,131.7299347,68847100
04/22/2021,133.0399933,134.1499939,131.4100037,131.9400024,130.1906281,84566500
04/23/2021,132.1600037,135.1199951,132.1600037,134.3200073,132.5390778,78657500
04/26/2021,134.8300018,135.0599976,133.5599976,134.7200012,132.9337463,66905100
04/27/2021,135.0099945,135.4100037,134.1100006,134.3899994,132.6081085,66015800
04/28/2021,134.3099976,135.0200043,133.0800018,133.5800018,131.8088837,107760100
04/29/2021,136.4700012,137.0700073,132.4499969,133.4799957,131.7101898,151101000
04/30/2021,131.7799988,133.5599976,131.0700073,131.4600067,129.7169647,109839500
05/03/2021,132.0399933,134.0700073,131.8300018,132.5399933,130.7826385,75135100
05/04/2021,131.1900024,131.4900055,126.6999969,127.8499985,126.1548462,137564700
05/05/2021,129.1999969,130.4499969,127.9700012,128.1000061,126.4015427,84000900
05/06/2021,127.8899994,129.75,127.1299973,129.7400055,128.0197906,78128300
05/07/2021,130.8500061,131.2599945,129.4799957,130.2100067,128.7017975,78973300
05/10/2021,129.4100037,129.5399933,126.8099976,126.8499985,125.3807144,88071200
05/11/2021,123.5,126.2699966,122.7699966,125.9100037,124.4516068,126142800
05/12/2021,123.4000015,124.6399994,122.25,122.7699966,121.3479767,112172300
05/13/2021,124.5800018,126.1500015,124.2600021,124.9700012,123.5224991,105861300
05/14/2021,126.25,127.8899994,125.8499985,127.4499969,125.9737625,81918000
05/17/2021,126.8199997,126.9300003,125.1699982,126.2699966,124.8074341,74244600
05/18/2021,126.5599976,126.9899979,124.7799988,124.8499985,123.4038925,63342900
05/19/2021,123.1600037,124.9199982,122.8600006,124.6900024,123.2457275,92612000
05/20/2021,125.2300034,127.7200012,125.0999985,127.3099976,125.8353729,76857100
05/21/2021,127.8199997,128,125.2099991,125.4300003,123.9771576,79295400
05/24/2021,126.0100021,127.9400024,125.9400024,127.0999985,125.6278229,63092900
05/25/2021,127.8199997,128.3200073,126.3199997,126.9000015,125.4301453,72009500
05/26/2021,126.9599991,127.3899994,126.4199982,126.8499985,125.3807144,56575900
05/27/2021,126.4400024,127.6399994,125.0800018,125.2799988,123.8289108,94625600
05/28/2021,125.5699997,125.8000031,124.5500031,124.6100006,123.1666641,71311100
06/01/2021,125.0800018,125.3499985,123.9400024,124.2799988,122.8404846,67637100
06/02/2021,124.2799988,125.2399979,124.0500031,125.0599976,123.6114578,59278900
06/03/2021,124.6800003,124.8499985,123.1299973,123.5400009,122.1090546,76229200
06/04/2021,124.0699997,126.1600037,123.8499985,125.8899994,124.431839,75169300
06/07/2021,126.1699982,126.3199997,124.8300018,125.9000015,124.4417191,71057600
06/08/2021,126.5999985,128.4600067,126.2099991,126.7399979,125.2719879,74403800
06/09/2021,127.2099991,127.75,126.5199966,127.1299973,125.6574707,56877900
06/10/2021,127.0199966,128.1900024,125.9400024,126.1100006,124.6492844,71186400
06/11/2021,126.5299988,127.4400024,126.0999985,127.3499985,125.8749313,53522400
06/14/2021,127.8199997,130.5399933,127.0699997,130.4799957,128.9686737,96906500
06/15/2021,129.9400024,130.6000061,129.3899994,129.6399994,128.1383972,62746300
06/16/2021,130.3699951,130.8899994,128.4600067,130.1499939,128.6424866,91815000
06/17/2021,129.8000031,132.5500031,129.6499939,131.7899933,130.2634888,96721700
06/18/2021,130.7100067,131.5099945,130.2400055,130.4600067,128.9488983,108953300
06/21/2021,130.3000031,132.4100037,129.2100067,132.3000031,130.7675934,79663300
06/22/2021,132.1300049,134.0800018,131.6199951,133.9799957,132.4281311,74783600
06/23/2021,133.7700043,134.3200073,133.2299957,133.6999969,132.1513672,60214200
06/24/2021,134.4499969,134.6399994,132.9299927,133.4100037,131.8647308,68711000
06/25/2021,133.4600067,133.8899994,132.8099976,133.1100006,131.568222,70783700
06/28/2021,133.4100037,135.25,133.3500061,134.7799988,133.2188568,62111300
06/29/2021,134.8000031,136.4900055,134.3500061,136.3300018,134.750885,64556100
06/30/2021,136.1699982,137.4100037,135.8699951,136.9600067,135.3736115,63261400
07/01/2021,136.6000061,137.3300018,135.7599945,137.2700043,135.6800385,52485800
07/02/2021,137.8999939,140,137.75,139.9600067,138.3388672,78852600
07/06/2021,140.0700073,143.1499939,140.0700073,142.0200043,140.3750153,108181800
07/07/2021,143.5399933,144.8899994,142.6600037,144.5700073,142.8954926,104911600
07/08/2021,141.5800018,144.0599976,140.6699982,143.2400055,141.5808868,105575500
07/09/2021,142.75,145.6499939,142.6499939,145.1100006,143.4292297,99890800
07/12/2021,146.2100067,146.3200073,144,144.5,142.8262787,76299700
07/13/2021,144.0299988,147.4600067,143.6300049,145.6399994,143.9530792,100827100
07/14/2021,148.1000061,149.5700073,147.6799927,149.1499939,147.4224091,127050800
07/15/2021,149.2400055,150,147.0899963,148.4799957,146.7601776,106820300
07/16/2021,148.4600067,149.7599945,145.8800049,146.3899994,144.694397,93251400
07/19/2021,143.75,144.0700073,141.6699982,142.4499969,140.8000183,121434600
07/20/2021,143.4600067,147.1000061,142.9600067,146.1499939,144.4571686,96350000
07/21/2021,145.5299988,146.1300049,144.6300049,145.3999939,143.7158356,74993500
07/22/2021,145.9400024,148.1999969,145.8099976,146.8000031,145.0996399,77338200
07/23/2021,147.5500031,148.7200012,146.9199982,148.5599976,146.8392334,71447400
07/26/2021,148.2700043,149.8300018,147.6999969,148.9900055,147.264267,72434100
07/27/2021,149.1199951,149.2100067,145.5500031,146.7700043,145.0700073,104818600
07/28/2021,144.8099976,146.9700012,142.5399933,144.9799957,143.3006897,118931200
07/29/2021,144.6900024,146.5500031,144.5800018,145.6399994,143.9530792,56699500
07/30/2021,144.3800049,146.3300018,144.1100006,145.8600006,144.1705322,70440600
08/02/2021,146.3600006,146.9499969,145.25,145.5200043,143.8344727,62880000
08/03/2021,145.8099976,148.0399933,145.1799927,147.3600006,145.6531525,64786600
08/04/2021,147.2700043,147.7899933,146.2799988,146.9499969,145.247879,56368300
08/05/2021,146.9799957,147.8399963,146.1699982,147.0599976,145.3565979,46397700
08/06/2021,146.3500061,147.1100006,145.6300049,146.1399994,144.6636963,54126800
08/09/2021,146.1999969,146.6999969,145.5200043,146.0899963,144.614212,48908700
08/10/2021,146.4400024,147.7100067,145.3000031,145.6000061,144.1291504,69023100
08/11/2021,146.0500031,146.7200012,145.5299988,145.8600006,144.3865509,48493500
08/12/2021,146.1900024,149.0500031,145.8399963,148.8899994,147.3859406,72282600
08/13/2021,148.9700012,149.4400024,148.2700043,149.1000061,147.5937958,59375000
08/16/2021,148.5399933,151.1900024,146.4700012,151.1199951,149.5933838,103296000
08/17/2021,150.2299957,151.6799927,149.0899963,150.1900024,148.6727905,92229700
08/18/2021,149.8000031,150.7200012,146.1499939,146.3600006,144.881485,86326000
08/19/2021,145.0299988,148,144.5,146.6999969,145.2180328,86960300
08/20/2021,147.4400024,148.5,146.7799988,148.1900024,146.6929932,60549600
08/23/2021,148.3099976,150.1900024,147.8899994,149.7100067,148.1976318,60131800
08/24/2021,149.4499969,150.8600006,149.1499939,149.6199951,148.108551,48606400
08/25/2021,149.8099976,150.3200073,147.8000031,148.3600006,146.8612671,58991300
08/26/2021,148.3500061,149.1199951,147.5099945,147.5399933,146.0495453,48597200
08/27/2021,147.4799957,148.75,146.8300018,148.6000061,147.0988617,55802400
08/30/2021,149,153.4900055,148.6100006,153.1199951,151.5731812,90956700
08/31/2021,152.6600037,152.8000031,151.2899933,151.8300018,150.2962341,86453100
09/01/2021,152.8300018,154.9799957,152.3399963,152.5099945,150.9693451,80313700
09/02/2021,153.8699951,154.7200012,152.3999939,153.6499939,152.0978546,71115500
09/03/2021,153.7599945,154.6300049,153.0899963,154.3000031,152.741272,57808700
09/07/2021,154.9700012,157.2599945,154.3899994,156.6900024,155.107132,82278300
09/08/2021,156.9799957,157.0399933,153.9799957,155.1100006,153.5431061,74420200
09/09/2021,155.4900055,156.1100006,153.9499969,154.0700073,152.5136108,57305700
09/10/2021,155,155.4799957,148.6999969,148.9700012,147.4651031,140893200
09/13/2021,150.6300049,151.4199982,148.75,149.5500031,148.0392609,102404300
09/14/2021,150.3500061,151.0700073,146.9100037,148.1199951,146.6236877,109296300
09/15/2021,148.5599976,149.4400024,146.3699951,149.0299988,147.5244904,83281300
09/16/2021,148.4400024,148.9700012,147.2200012,148.7899933,147.2869263,68034100
09/17/2021,148.8200073,148.8200073,145.7599945,146.0599976,144.5845032,129868800
09/20/2021,143.8000031,144.8399963,141.2700043,142.9400024,141.4960327,123478900
09/21/2021,143.9299927,144.6000061,142.7799988,143.4299927,141.9810638,75834000
09/22/2021,144.4499969,146.4299927,143.6999969,145.8500061,144.3766327,76404300
09/23/2021,146.6499939,147.0800018,145.6399994,146.8300018,145.3467255,64838200
09/24/2021,145.6600037,147.4700012,145.5599976,146.9199982,145.4358063,53477900
09/27/2021,145.4700012,145.9600067,143.8200073,145.3699951,143.901474,74150700
09/28/2021,143.25,144.75,141.6900024,141.9100037,140.4764252,108972300
09/29/2021,142.4700012,144.4499969,142.0299988,142.8300018,141.387146,74602000
09/30/2021,143.6600037,144.3800049,141.2799988,141.5,140.0705719,89056700
10/01/2021,141.8999939,142.9199982,139.1100006,142.6499939,141.2089539,94639600
10/04/2021,141.7599945,142.2100067,138.2700043,139.1399994,137.7344055,98322000
10/05/2021,139.4900055,142.2400055,139.3600006,141.1100006,139.6845245,80861100
10/06/2021,139.4700012,142.1499939,138.3699951,142,140.5655365,83221100
10/07/2021,143.0599976,144.2200012,142.7200012,143.2899933,141.8424835,61732700
10/08/2021,144.0299988,144.1799927,142.5599976,142.8999939,141.4564056,58773200
10/11/2021,142.2700043,144.8099976,141.8099976,142.8099976,141.3673401,64452200
10/12/2021,143.2299957,143.25,141.0399933,141.5099945,140.0804749,73035900
10/13/2021,141.2400055,141.3999939,139.1999969,140.9100037,139.4865417,78762700
10/14/2021,142.1100006,143.8800049,141.5099945,143.7599945,142.307724,69907100
10/15/2021,143.7700043,144.8999939,143.5099945,144.8399963,143.3768311,67940300
10/18/2021,143.4499969,146.8399963,143.1600037,146.5500031,145.0695648,85589200
10/19/2021,147.0099945,149.1699982,146.5500031,148.7599945,147.2572174,76378900
10/20/2021,148.6999969,149.75,148.1199951,149.2599945,147.7521515,58418800
10/21/2021,148.8099976,149.6399994,147.8699951,149.4799957,147.9699554,61421000
10/22/2021,149.6900024,150.1799927,148.6399994,148.6900024,147.1879578,58883400
10/25/2021,148.6799927,149.3699951,147.6199951,148.6399994,147.1384277,50720600
10/26/2021,149.3300018,150.8399963,149.0099945,149.3200073,147.8115845,60893400
10/27/2021,149.3600006,149.7299957,148.4900055,148.8500061,147.3463135,56094900
10/28/2021,149.8200073,153.1699982,149.7200012,152.5700073,151.0287476,100077900
10/29/2021,147.2200012,149.9400024,146.4100037,149.8000031,148.2867432,124953200
11/01/2021,148.9900055,149.6999969,147.8000031,148.9600067,147.4552307,74588300
11/02/2021,148.6600037,151.5700073,148.6499939,150.0200043,148.5045166,69122000
11/03/2021,150.3899994,151.9700012,149.8200073,151.4900055,149.9596863,54511500
11/04/2021,151.5800018,152.4299927,150.6399994,150.9600067,149.4350128,60394600
11/05/2021,151.8899994,152.1999969,150.0599976,151.2799988,149.9703522,65463900
11/08/2021,151.4100037,151.5700073,150.1600037,150.4400024,149.1376038,55020900
11/09/2021,150.1999969,151.4299927,150.0599976,150.8099976,149.5044098,56787900
11/10/2021,150.0200043,150.1300049,147.8500061,147.9199982,146.6394196,65187100
11/11/2021,148.9600067,149.4299927,147.6799927,147.8699951,146.5898438,41000000
11/12/2021,148.4299927,150.3999939,147.4799957,149.9900055,148.6914978,63804000
11/15/2021,150.3699951,151.8800049,149.4299927,150,148.701416,59222800
11/16/2021,149.9400024,151.4900055,149.3399963,151,149.6927643,59256200
11/17/2021,151,155,150.9900055,153.4900055,152.1611938,88807000
11/18/2021,153.7100067,158.6699982,153.0500031,157.8699951,156.5032654,137827700
11/19/2021,157.6499939,161.0200043,156.5299988,160.5500031,159.16008,117305600
11/22/2021,161.6799927,165.6999969,161,161.0200043,159.6260071,117467900
11/23/2021,161.1199951,161.8000031,159.0599976,161.4100037,160.0126495,96041900
11/24/2021,160.75,162.1399994,159.6399994,161.9400024,160.5380554,69463600
11/26/2021,159.5700073,160.4499969,156.3600006,156.8099976,155.4524536,76959800
11/29/2021,159.3699951,161.1900024,158.7899933,160.2400055,158.8527527,88748200
11/30/2021,159.9900055,165.5200043,159.9199982,165.3000031,163.8689575,174048100
12/01/2021,167.4799957,170.3000031,164.5299988,164.7700043,163.3435364,152052500
12/02/2021,158.7400055,164.1999969,157.8000031,163.7599945,162.3422852,136739200
12/03/2021,164.0200043,164.9600067,159.7200012,161.8399963,160.4389038,118023100
12/06/2021,164.2899933,167.8800049,164.2799988,165.3200073,163.8887939,107497000
12/07/2021,169.0800018,171.5800018,168.3399963,171.1799927,169.6980438,120405400
12/08/2021,172.1300049,175.9600067,170.6999969,175.0800018,173.5643005,116998900
12/09/2021,174.9100037,176.75,173.9199982,174.5599976,173.0487823,108923700
12/10/2021,175.2100067,179.6300049,174.6900024,179.4499969,177.8964691,115402700
12/13/2021,181.1199951,182.1300049,175.5299988,175.7400055,174.2185669,153237000
12/14/2021,175.25,177.7400055,172.2100067,174.3300018,172.8207855,139380400
12/15/2021,175.1100006,179.5,172.3099976,179.3000031,177.7477722,131063300
12/16/2021,179.2799988,181.1399994,170.75,172.2599945,170.7687073,150185800
12/17/2021,169.9299927,173.4700012,169.6900024,171.1399994,169.6583862,195432700
12/20/2021,168.2799988,170.5800018,167.4600067,169.75,168.2804565,107499100
12/21/2021,171.5599976,173.1999969,169.1199951,172.9900055,171.4923859,91185900
12/22/2021,173.0399933,175.8600006,172.1499939,175.6399994,174.1194305,92135300
12/23/2021,175.8500061,176.8500061,175.2700043,176.2799988,174.753891,68356600
12/27/2021,177.0899963,180.4199982,177.0700073,180.3300018,178.7688599,74919600
12/28/2021,180.1600037,181.3300018,178.5299988,179.2899933,177.7378387,79144300
12/29/2021,179.3300018,180.6300049,178.1399994,179.3800049,177.8270721,62348900
12/30/2021,179.4700012,180.5700073,178.0899963,178.1999969,176.6572723,59773000
12/31/2021,178.0899963,179.2299957,177.2599945,177.5700073,176.0327454,64062300
01/03/2022,177.8300018,182.8800049,177.7100067,182.0099945,180.4342957,104487900
01/04/2022,182.6300049,182.9400024,179.1199951,179.6999969,178.1442871,99310400
01/05/2022,179.6100006,180.1699982,174.6399994,174.9199982,173.4056702,94537600
01/06/2022,172.6999969,175.3000031,171.6399994,172,170.5109558,96904000
01/07/2022,172.8899994,174.1399994,171.0299988,172.1699982,170.6794891,86709100
01/10/2022,169.0800018,172.5,168.1699982,172.1900024,170.6993103,106765600
01/11/2022,172.3200073,175.1799927,170.8200073,175.0800018,173.5643005,76138300
01/12/2022,176.1199951,177.1799927,174.8200073,175.5299988,174.0103912,74805200
01/13/2022,175.7799988,176.6199951,171.7899933,172.1900024,170.6993103,84505800
01/14/2022,171.3399963,173.7799988,171.0899963,173.0700073,171.5716858,80440800
01/18/2022,171.5099945,172.5399933,169.4100037,169.8000031,168.3300018,90956700
01/19/2022,170,171.0800018,165.9400024,166.2299957,164.7908936,94815000
01/20/2022,166.9799957,169.6799927,164.1799927,164.5099945,163.0858002,91420500
01/21/2022,164.4199982,166.3300018,162.3000031,162.4100037,161.0039825,122848900
01/24/2022,160.0200043,162.3000031,154.6999969,161.6199951,160.2208252,162294600
01/25/2022,158.9799957,162.7599945,157.0200043,159.7799988,158.3967438,115798400
01/26/2022,163.5,164.3899994,157.8200073,159.6900024,158.3075409,108275300
01/27/2022,162.4499969,163.8399963,158.2799988,159.2200012,157.8415985,121954600
01/28/2022,165.7100067,170.3500061,162.8000031,170.3300018,168.855423,179935700
01/31/2022,170.1600037,175,169.5099945,174.7799988,173.2669067,115541600
02/01/2022,174.0099945,174.8399963,172.3099976,174.6100006,173.0983734,86213900
02/02/2022,174.75,175.8800049,173.3300018,175.8399963,174.3177032,84914300
02/03/2022,174.4799957,176.2400055,172.1199951,172.8999939,171.4031677,89418100
02/04/2022,171.6799927,174.1000061,170.6799927,172.3899994,171.1153412,82465400
02/07/2022,172.8600006,173.9499969,170.9499969,171.6600037,170.3907166,77251200
02/08/2022,171.7299957,175.3500061,171.4299927,174.8300018,173.5372772,74829200
02/09/2022,176.0500031,176.6499939,174.8999939,176.2799988,174.9765472,71285000
02/10/2022,174.1399994,175.4799957,171.5500031,172.1199951,170.8473053,90865900
02/11/2022,172.3300018,173.0800018,168.0399933,168.6399994,167.3930359,98670700
02/14/2022,167.3699951,169.5800018,166.5599976,168.8800049,167.6312714,86185500
02/15/2022,170.9700012,172.9499969,170.25,172.7899933,171.5123444,62527400
02/16/2022,171.8500061,173.3399963,170.0500031,172.5500031,171.2741241,61177400
02/17/2022,171.0299988,171.9100037,168.4700012,168.8800049,167.6312714,69589300
02/18/2022,169.8200073,170.5399933,166.1900024,167.3000031,166.0629578,82772700
02/22/2022,164.9799957,166.6900024,162.1499939,164.3200073,163.1049957,91162800
02/23/2022,165.5399933,166.1499939,159.75,160.0700073,158.8864288,90009200
02/24/2022,152.5800018,162.8500061,152,162.7400055,161.5366669,141147500
02/25/2022,163.8399963,165.1199951,160.8699951,164.8500061,163.631073,91974200
02/28/2022,163.0599976,165.4199982,162.4299927,165.1199951,163.8990784,95056600
03/01/2022,164.6999969,166.6000061,161.9700012,163.1999969,161.9932709,83474400
03/02/2022,164.3899994,167.3600006,162.9499969,166.5599976,165.3284302,79724800
03/03/2022,168.4700012,168.9100037,165.5500031,166.2299957,165.0008545,76678400
03/04/2022,164.4900055,165.5500031,162.1000061,163.1699982,161.9634857,83737200
03/07/2022,163.3600006,165.0200043,159.0399933,159.3000031,158.1221008,96418800
03/08/2022,158.8200073,162.8800049,155.8000031,157.4400024,156.2758636,131148300
03/09/2022,161.4799957,163.4100037,159.4100037,162.9499969,161.7451172,91454900
03/10/2022,160.1999969,160.3899994,155.9799957,158.5200043,157.3478851,105342000
03/11/2022,158.9299927,159.2799988,154.5,154.7299957,153.585907,96970100
03/14/2022,151.4499969,154.1199951,150.1000061,150.6199951,149.5062714,108732100
03/15/2022,150.8999939,155.5700073,150.3800049,155.0899963,153.943222,92964300
03/16/2022,157.0500031,160,154.4600067,159.5899963,158.4099579,102300200
03/17/2022,158.6100006,161,157.6300049,160.6199951,159.4323425,75615400
03/18/2022,160.5099945,164.4799957,159.7599945,163.9799957,162.7674866,123511700
03/21/2022,163.5099945,166.3500061,163.0099945,165.3800049,164.157135,95811400
03/22/2022,165.5099945,169.4199982,164.9100037,168.8200073,167.5717163,81532000
03/23/2022,167.9900055,172.6399994,167.6499939,170.2100067,168.9514465,98062700
03/24/2022,171.0599976,174.1399994,170.2100067,174.0700073,172.7828979,90131400
03/25/2022,173.8800049,175.2799988,172.75,174.7200012,173.4281006,80546200
03/28/2022,172.1699982,175.7299957,172,175.6000061,174.30159,90371900
03/29/2022,176.6900024,179.0099945,176.3399963,178.9600067,177.6367188,100589400
03/30/2022,178.5500031,179.6100006,176.6999969,177.7700043,176.4555511,92633200
03/31/2022,177.8399963,178.0299988,174.3999939,174.6100006,173.3189087,103049300
04/01/2022,174.0299988,174.8800049,171.9400024,174.3099976,173.0211182,78751300
04/04/2022,174.5700073,178.4900055,174.4400024,178.4400024,177.1205902,76468400
04/05/2022,177.5,178.3000031,174.4199982,175.0599976,173.765564,73401800
04/06/2022,172.3600006,173.6300049,170.1300049,171.8300018,170.5594635,89058800
04/07/2022,171.1600037,173.3600006,169.8500061,172.1399994,170.867157,77594700
04/08/2022,171.7799988,171.7799988,169.1999969,170.0899963,168.8323364,76575500
04/11/2022,168.7100067,169.0299988,165.5,165.75,164.5243988,72246700
04/12/2022,168.0200043,169.8699951,166.6399994,167.6600037,166.4202881,79265200
04/13/2022,167.3899994,171.0399933,166.7700043,170.3999939,169.1400299,70618900
04/14/2022,170.6199951,171.2700043,165.0399933,165.2899933,164.0677948,75329400
04/18/2022,163.9199982,166.6000061,163.5700073,165.0700073,163.8494415,69023900
04/19/2022,165.0200043,167.8200073,163.9100037,167.3999939,166.1622009,67723800
04/20/2022,168.7599945,168.8800049,166.1000061,167.2299957,165.9934692,67929800
04/21/2022,168.9100037,171.5299988,165.9100037,166.4199982,165.1894684,87227800
04/22/2022,166.4600067,167.8699951,161.5,161.7899933,160.5936737,84882400
04/25/2022,161.1199951,163.1699982,158.4600067,162.8800049,161.6756287,96046400
04/26/2022,162.25,162.3399963,156.7200012,156.8000031,155.6405945,95623200
04/27/2022,155.9100037,159.7899933,155.3800049,156.5700073,155.4123077,88063200
04/28/2022,159.25,164.5200043,158.9299927,163.6399994,162.4300079,130216800
04/29/2022,161.8399963,166.1999969,157.25,157.6499939,156.4842987,131747600
05/02/2022,156.7100067,158.2299957,153.2700043,157.9600067,156.7920227,123055300
05/03/2022,158.1499939,160.7100067,156.3200073,159.4799957,158.300766,88966500
05/04/2022,159.6699982,166.4799957,159.2599945,166.0200043,164.7924194,108256500
05/05/2022,163.8500061,164.0800018,154.9499969,156.7700043,155.6108398,130525300
05/06/2022,156.0099945,159.4400024,154.1799927,157.2799988,156.346405,116124600
05/09/2022,154.9299927,155.8300018,151.4900055,152.0599976,151.1574097,131577900
05/10/2022,155.5200043,156.7400055,152.9299927,154.5099945,153.5928497,115366700
05/11/2022,153.5,155.4499969,145.8099976,146.5,145.6304169,142689800
05/12/2022,142.7700043,146.1999969,138.8000031,142.5599976,141.7137909,182602000
05/13/2022,144.5899963,148.1000061,143.1100006,147.1100006,146.2368011,113990900
05/16/2022,145.5500031,147.5200043,144.1799927,145.5399933,144.6761017,86643800
05/17/2022,148.8600006,149.7700043,146.6799927,149.2400055,148.3541565,78336300
05/18/2022,146.8500061,147.3600006,139.8999939,140.8200073,139.9841309,109742900
05/19/2022,139.8800049,141.6600037,136.6000061,137.3500061,136.5347137,136095600
05/20/2022,139.0899963,140.6999969,132.6100006,137.5899963,136.7732849,137426100
05/23/2022,137.7899933,143.2599945,137.6499939,143.1100006,142.2605133,117726300
05/24/2022,140.8099976,141.9700012,137.3300018,140.3600006,139.5268402,104132700
05/25/2022,138.4299927,141.7899933,138.3399963,140.5200043,139.6859131,92482700
05/26/2022,137.3899994,144.3399963,137.1399994,143.7799988,142.9265442,90601500
05/27/2022,145.3899994,149.6799927,145.2599945,149.6399994,148.75177,90978500
05/31/2022,149.0700073,150.6600037,146.8399963,148.8399963,147.9565277,103718400
06/01/2022,149.8999939,151.7400055,147.6799927,148.7100067,147.827301,74286600
06/02/2022,147.8300018,151.2700043,146.8600006,151.2100067,150.3124542,72348100
06/03/2022,146.8999939,147.9700012,144.4600067,145.3800049,144.5170593,88570300
06/06/2022,147.0299988,148.5700073,144.8999939,146.1399994,145.2725525,71598400
06/07/2022,144.3500061,149,144.1000061,148.7100067,147.827301,67808200
06/08/2022,148.5800018,149.8699951,147.4600067,147.9600067,147.0817413,53950200
06/09/2022,147.0800018,147.9499969,142.5299988,142.6399994,141.7933197,69473000
06/10/2022,140.2799988,140.7599945,137.0599976,137.1300049,136.3160248,91437900
06/13/2022,132.8699951,135.1999969,131.4400024,131.8800049,131.0971832,122207100
06/14/2022,133.1300049,133.8899994,131.4799957,132.7599945,131.9719543,84784300
06/15/2022,134.2899933,137.3399963,132.1600037,135.4299927,134.6260986,91533000
06/16/2022,132.0800018,132.3899994,129.0399933,130.0599976,129.2879791,108123900
06/17/2022,130.0700073,133.0800018,129.8099976,131.5599976,130.7790833,134520300
06/21/2022,133.4199982,137.0599976,133.3200073,135.8699951,135.0635071,81000500
06/22/2022,134.7899933,137.7599945,133.9100037,135.3500061,134.5466003,73409200
06/23/2022,136.8200073,138.5899963,135.6300049,138.2700043,137.4492493,72433800
06/24/2022,139.8999939,141.9100037,139.7700043,141.6600037,140.8191376,89116800
06/27/2022,142.6999969,143.4900055,140.9700012,141.6600037,140.8191376,70207900
06/28/2022,142.1300049,143.4199982,137.3200073,137.4400024,136.6241913,67083400
06/29/2022,137.4600067,140.6699982,136.6699982,139.2299957,138.4035645,66242400
06/30/2022,137.25,138.3699951,133.7700043,136.7200012,135.9084625,98964500
07/01/2022,136.0399933,139.0399933,135.6600037,138.9299927,138.1053314,71051600
07/05/2022,137.7700043,141.6100006,136.9299927,141.5599976,140.7197266,73353800
07/06/2022,141.3500061,144.1199951,141.0800018,142.9199982,142.0716553,74064300
07/07/2022,143.2899933,146.5500031,143.2799988,146.3500061,145.481308,66253700
07/08/2022,145.2599945,147.5500031,145,147.0399933,146.1671906,64547800
07/11/2022,145.6699982,146.6399994,143.7799988,144.8699951,144.0100708,63141600
07/12/2022,145.7599945,148.4499969,145.0500031,145.8600006,144.9941864,77588800
07/13/2022,142.9900055,146.4499969,142.1199951,145.4900055,144.6264038,71185600
07/14/2022,144.0800018,148.9499969,143.25,148.4700012,147.5886993,78140700
07/15/2022,149.7799988,150.8600006,148.1999969,150.1699982,149.2786255,76259900
07/18/2022,150.7400055,151.5700073,146.6999969,147.0700073,146.1970215,81420900
07/19/2022,147.9199982,151.2299957,146.9100037,151,150.1036835,82982400
07/20/2022,151.1199951,153.7200012,150.3699951,153.0399933,152.1315765,64823400
07/21/2022,154.5,155.5700073,151.9400024,155.3500061,154.4278717,65086600
07/22/2022,155.3899994,156.2799988,153.4100037,154.0899963,153.175354,66675400
07/25/2022,154.0099945,155.0399933,152.2799988,152.9499969,152.0421295,53623900
07/26/2022,152.2599945,153.0899963,150.8000031,151.6000061,150.7001495,55138700
07/27/2022,152.5800018,157.3300018,152.1600037,156.7899933,155.8593292,78620700
07/28/2022,156.9799957,157.6399994,154.4100037,157.3500061,156.4160156,81378700
07/29/2022,161.2400055,163.6300049,159.5,162.5099945,161.5453644,101786900
08/01/2022,161.0099945,163.5899963,160.8899994,161.5099945,160.5513153,67829400
08/02/2022,160.1000061,162.4100037,159.6300049,160.0099945,159.0601959,59907000
08/03/2022,160.8399963,166.5899963,160.75,166.1300049,165.1438904,82507500
08/04/2022,166.0099945,167.1900024,164.4299927,165.8099976,164.8257904,55474100
08/05/2022,163.2100067,165.8500061,163,165.3500061,164.5968475,56697000
08/08/2022,166.3699951,167.8099976,164.1999969,164.8699951,164.1190186,60276900
08/09/2022,164.0200043,165.8200073,163.25,164.9199982,164.1687775,63135500
08/10/2022,167.6799927,169.3399963,166.8999939,169.2400055,168.4691315,70170500
08/11/2022,170.0599976,170.9900055,168.1900024,168.4900055,167.7225342,57149200
08/12/2022,169.8200073,172.1699982,169.3999939,172.1000061,171.3160858,68039400
08/15/2022,171.5200043,173.3899994,171.3500061,173.1900024,172.401123,54091700
08/16/2022,172.7799988,173.7100067,171.6600037,173.0299988,172.2418518,56377100
08/17/2022,172.7700043,176.1499939,172.5700073,174.5500031,173.7549286,79542000
08/18/2022,173.75,174.8999939,173.1199951,174.1499939,173.3567352,62290100
08/19/2022,173.0299988,173.7400055,171.3099976,171.5200043,170.738739,70346300
08/22/2022,169.6900024,169.8600006,167.1399994,167.5700073,166.8067322,69026800
08/23/2022,167.0800018,168.7100067,166.6499939,167.2299957,166.468277,54147100
08/24/2022,167.3200073,168.1100006,166.25,167.5299988,166.7669067,53841500
08/25/2022,168.7799988,170.1399994,168.3500061,170.0299988,169.2555084,51218200
08/26/2022,170.5700073,171.0500031,163.5599976,163.6199951,162.8747101,78961000
08/29/2022,161.1499939,162.8999939,159.8200073,161.3800049,160.644928,73314000
08/30/2022,162.1300049,162.5599976,157.7200012,158.9100037,158.1861877,77906200
08/31/2022,160.3099976,160.5800018,157.1399994,157.2200012,156.5038605,87991100
09/01/2022,156.6399994,158.4199982,154.6699982,157.9600067,157.2404938,74229900
09/02/2022,159.75,160.3600006,154.9700012,155.8099976,155.1002808,76957800
09/06/2022,156.4700012,157.0899963,153.6900024,154.5299988,153.8261108,73714800
09/07/2022,154.8200073,156.6699982,153.6100006,155.9600067,155.2496185,87449600
09/08/2022,154.6399994,156.3600006,152.6799927,154.4600067,153.7564392,84923800
09/09/2022,155.4700012,157.8200073,154.75,157.3699951,156.653183,68028800
09/12/2022,159.5899963,164.2599945,159.3000031,163.4299927,162.6855774,104956000
09/13/2022,159.8999939,160.5399933,153.3699951,153.8399963,153.1392517,122656600
09/14/2022,154.7899933,157.1000061,153.6100006,155.3099976,154.6025543,87965400
09/15/2022,154.6499939,155.2400055,151.3800049,152.3699951,151.6759491,90481100
09/16/2022,151.2100067,151.3500061,148.3699951,150.6999969,150.0135498,162278800
09/19/2022,149.3099976,154.5599976,149.1000061,154.4799957,153.7763214,81474200
09/20/2022,153.3999939,158.0800018,153.0800018,156.8999939,156.185318,107689800
09/21/2022,157.3399963,158.7400055,153.6000061,153.7200012,153.0198059,101696800
09/22/2022,152.3800049,154.4700012,150.9100037,152.7400055,152.0442657,86652500
09/23/2022,151.1900024,151.4700012,148.5599976,150.4299927,149.7447815,96029900
09/26/2022,149.6600037,153.7700043,149.6399994,150.7700043,150.0832367,93339400
09/27/2022,152.7400055,154.7200012,149.9499969,151.7599945,151.0687408,84442700
09/28/2022,147.6399994,150.6399994,144.8399963,149.8399963,149.1574707,146691400
09/29/2022,146.1000061,146.7200012,140.6799927,142.4799957,141.8309937,128138200
09/30/2022,141.2799988,143.1000061,138,138.1999969,137.5704803,124925300
10/03/2022,138.2100067,143.0700073,137.6900024,142.4499969,141.8011322,114311700
10/04/2022,145.0299988,146.2200012,144.2599945,146.1000061,145.4345245,87830100
10/05/2022,144.0700073,147.3800049,143.0099945,146.3999939,145.7331238,79471000
10/06/2022,145.8099976,147.5399933,145.2200012,145.4299927,144.7675629,68402200
10/07/2022,142.5399933,143.1000061,139.4499969,140.0899963,139.451889,85925600
10/10/2022,140.4199982,141.8899994,138.5700073,140.4199982,139.7803802,74899000
10/11/2022,139.8999939,141.3500061,138.2200012,138.9799957,138.3469391,77033700
10/12/2022,139.1300049,140.3600006,138.1600037,138.3399963,137.7098541,70433700
10/13/2022,134.9900055,143.5899963,134.3699951,142.9900055,142.3386993,113224000
10/14/2022,144.3099976,144.5200043,138.1900024,138.3800049,137.7496796,88598000
10/17/2022,141.0700073,142.8999939,140.2700043,142.4100037,141.7613373,85250900
10/18/2022,145.4900055,146.6999969,140.6100006,143.75,143.0952301,99136600
10/19/2022,141.6900024,144.9499969,141.5,143.8600006,143.2047272,61758300
10/20/2022,143.0200043,145.8899994,142.6499939,143.3899994,142.7368622,64522000
10/21/2022,142.8699951,147.8500061,142.6499939,147.2700043,146.5991974,86548600
10/24/2022,147.1900024,150.2299957,146,149.4499969,148.7692413,75981900
10/25/2022,150.0899963,152.4900055,149.3600006,152.3399963,151.6460876,74732300
10/26/2022,150.9600067,151.9900055,148.0399933,149.3500061,148.6697083,88194300
10/27/2022,148.0700073,149.0500031,144.1300049,144.8000031,144.1404419,109180200
10/28/2022,148.1999969,157.5,147.8200073,155.7400055,155.0306244,164762400
10/31/2022,153.1600037,154.2400055,151.9199982,153.3399963,152.6415253,97943200
11/01/2022,155.0800018,155.4499969,149.1300049,150.6499939,149.9637756,80379300
11/02/2022,148.9499969,152.1699982,145,145.0299988,144.3693848,93604600
11/03/2022,142.0599976,142.8000031,138.75,138.8800049,138.247406,97918500
11/04/2022,142.0899963,142.6699982,134.3800049,138.3800049,137.9781799,140814800
11/07/2022,137.1100006,139.1499939,135.6699982,138.9199982,138.5166168,83374600
11/08/2022,140.4100037,141.4299927,137.4900055,139.5,139.0949402,89908500
11/09/2022,138.5,138.5500031,134.5899963,134.8699951,134.4783783,74917800
11/10/2022,141.2400055,146.8699951,139.5,146.8699951,146.4435272,118854000
11/11/2022,145.8200073,150.0099945,144.3699951,149.6999969,149.2653046,93979700
11/14/2022,148.9700012,150.2799988,147.4299927,148.2799988,147.8494415,73374100
11/15/2022,152.2200012,153.5899963,148.5599976,150.0399933,149.6043243,89868300
11/16/2022,149.1300049,149.8699951,147.2899933,148.7899933,148.3579559,64218300
11/17/2022,146.4299927,151.4799957,146.1499939,150.7200012,150.2823639,80389400
11/18/2022,152.3099976,152.6999969,149.9700012,151.2899933,150.850708,74829600
11/21/2022,150.1600037,150.3699951,147.7200012,148.0099945,147.5802155,58724100
11/22/2022,148.1300049,150.4199982,146.9299927,150.1799927,149.7439117,51804100
11/23/2022,149.4499969,151.8300018,149.3399963,151.0700073,150.6313477,58301400
11/25/2022,148.3099976,148.8800049,147.1199951,148.1100006,147.6799316,35195900
11/28/2022,145.1399994,146.6399994,143.3800049,144.2200012,143.801239,69246000
11/29/2022,144.2899933,144.8099976,140.3500061,141.1699982,140.7600861,83763800
11/30/2022,141.3999939,148.7200012,140.5500031,148.0299988,147.6001587,111380900
12/01/2022,148.2100067,149.1300049,146.6100006,148.3099976,147.8793488,71250400
12/02/2022,145.9600067,148,145.6499939,147.8099976,147.3807983,65447400
12/05/2022,147.7700043,150.9199982,145.7700043,146.6300049,146.2042389,68826400
12/06/2022,147.0700073,147.3000031,141.9199982,142.9100037,142.4950409,64727200
12/07/2022,142.1900024,143.3699951,140,140.9400024,140.5307617,69721100
12/08/2022,142.3600006,143.5200043,141.1000061,142.6499939,142.2357941,62128300
12/09/2022,142.3399963,145.5700073,140.8999939,142.1600037,141.7472229,76097000
12/12/2022,142.6999969,144.5,141.0599976,144.4900055,144.0704498,70462700
12/13/2022,149.5,149.9700012,144.2400055,145.4700012,145.0476074,93886200
12/14/2022,145.3500061,146.6600037,141.1600037,143.2100067,142.7941742,82291200
12/15/2022,141.1100006,141.8000031,136.0299988,136.5,136.1036377,98931900
12/16/2022,136.6900024,137.6499939,133.7299957,134.5099945,134.1194153,160156900
12/19/2022,135.1100006,135.1999969,131.3200073,132.3699951,131.9856415,79592600
12/20/2022,131.3899994,133.25,129.8899994,132.3000031,131.9158478,77432800
12/21/2022,132.9799957,136.8099976,132.75,135.4499969,135.0566864,85928000
12/22/2022,134.3500061,134.5599976,130.3000031,132.2299957,131.8460388,77852100
12/23/2022,130.9199982,132.4199982,129.6399994,131.8600006,131.4771271,63814900
12/27/2022,131.3800049,131.4100037,128.7200012,130.0299988,129.6524353,69007800
12/28/2022,129.6699982,131.0299988,125.8700027,126.0400009,125.6740265,85438400
12/29/2022,127.9899979,130.4799957,127.7300034,129.6100006,129.2336578,75703700
12/30/2022,128.4100037,129.9499969,127.4300003,129.9299927,129.5527191,77034200
